{
  "timestamp": "2026-04-28T08:48:20",
  "config": {
    "n": 50,
    "m": 3,
    "seed": 42,
    "tol": 1e-10,
    "maxit": 200
  },
  "section_1_reproduce": {
    "final_lambda": 9.33398015869727,
    "final_residual": 1.8698031976043228e-14,
    "outer_nit": 6,
    "inner_nit_total": 233,
    "halving_warning_count": 99,
    "lambda_U_history": [
      11.572212846554967,
      10.902251485642177,
      10.76795902707013,
      10.756739109710502,
      10.75627949844092,
      10.333980158698878,
      9.33398015869727
    ],
    "outer_res_history": [
      0.836534434632596,
      0.7974694731370632,
      0.7035346558015727,
      0.2458374034423082,
      0.006161423667692386,
      0.03371547525011219,
      1.8698031976043228e-14
    ],
    "hal_per_outer_history": [
      0,
      0,
      0,
      3,
      34,
      1697,
      2970
    ],
    "innit_history": [
      0,
      6,
      12,
      19,
      33,
      133,
      233
    ],
    "history_keys": [
      "x_history",
      "lambda_history",
      "res_history",
      "y_history",
      "inner_tol_history",
      "chit_history",
      "hal_per_outer_history",
      "innit_history",
      "hal_accum_history",
      "inner_histories"
    ],
    "x_final": [
      0.0017852498154374062,
      0.0026484880801403454,
      0.0062628335434259386,
      0.002628544715879105,
      0.0024623633217777108,
      0.9982645844461557,
      0.00238143129365476,
      0.00726507015858894,
      0.0024280070357022114,
      0.0023347666878276965,
      0.002664715119744487,
      0.008543644393962747,
      0.0025559500985489368,
      0.005228654529752258,
      0.0027613516462638437,
      0.003096274677689594,
      0.002485426607758062,
      0.002998601894431246,
      0.008080753054297318,
      0.0026271018788446626,
      0.0026268093537387786,
      0.0007431942630253083,
      0.04402553100088511,
      0.0083903765277473,
      0.0031150389837510777,
      0.0038686360693909413,
      0.004938296304629345,
      0.0007003305744262841,
      0.0009238029762490619,
      0.0013358623176086487,
      0.005985374655336606,
      0.028132470378792778,
      0.00204402426289387,
      0.003500604629350422,
      0.0027608602079408203,
      0.002587726488385522,
      0.0015636619432396193,
      0.0035540243940308408,
      0.0029116858743100946,
      0.004726797305255725,
      0.0018238450962358322,
      0.004979588317678228,
      0.004486241262035668,
      0.003997382135393145,
      0.0042952042191894794,
      0.003397456625554816,
      0.005358187693050177,
      0.0019046174153162106,
      0.003794392548523672,
      0.0019823660933603036
    ]
  },
  "section_2_crosscheck": [
    {
      "algorithm": "HONI_inexact",
      "final_lambda": 10.75627206865358,
      "final_residual": 2.3120459944554463e-15,
      "outer_nit": 77,
      "inner_nit_total": 7229,
      "halving_warnings": 0
    },
    {
      "algorithm": "NNI_spsolve (canonical)",
      "final_lambda": 10.756272068653573,
      "final_lambda_lower": 10.756272068653555,
      "final_residual": 1.6514614246110341e-15,
      "outer_nit": 13,
      "halving_warnings": 0
    },
    {
      "algorithm": "NNI_ha (halving=True)",
      "final_lambda": 10.756272068653567,
      "final_lambda_lower": 10.756272068651278,
      "final_residual": 2.128733776323624e-13,
      "outer_nit": 16,
      "halving_warnings": 0
    }
  ],
  "section_3_inner_trace": {
    "available": true,
    "first_outer_iter_with_halving": 3,
    "per_outer_inner_diagnostics": [
      {
        "outer_iter": 1,
        "lambda_U_at_iter": 10.902251485642177,
        "inner_max_iter_recorded": 5,
        "inner_min_residual": 9.21159639606229e-11,
        "inner_max_residual": 0.9321241785612848,
        "inner_halving_count": 0,
        "min_theta": 1.0
      },
      {
        "outer_iter": 2,
        "lambda_U_at_iter": 10.76795902707013,
        "inner_max_iter_recorded": 5,
        "inner_min_residual": 1.753226044471759e-11,
        "inner_max_residual": 0.3937409079102884,
        "inner_halving_count": 0,
        "min_theta": 1.0
      },
      {
        "outer_iter": 3,
        "lambda_U_at_iter": 10.756739109710502,
        "inner_max_iter_recorded": 6,
        "inner_min_residual": 1.3873512375186752e-13,
        "inner_max_residual": 0.39861486767643023,
        "inner_halving_count": 2,
        "min_theta": 0.1111111111111111
      },
      {
        "outer_iter": 4,
        "lambda_U_at_iter": 10.75627949844092,
        "inner_max_iter_recorded": 13,
        "inner_min_residual": 1.0990837084723171e-13,
        "inner_max_residual": 0.7087954400730302,
        "inner_halving_count": 9,
        "min_theta": 0.0013717421124828531
      },
      {
        "outer_iter": 5,
        "lambda_U_at_iter": 10.333980158698878,
        "inner_max_iter_recorded": 99,
        "inner_min_residual": 0.9943318491497084,
        "inner_max_residual": 0.9943407559143325,
        "inner_halving_count": 99,
        "min_theta": 2.581174791713198e-09
      },
      {
        "outer_iter": 6,
        "lambda_U_at_iter": 9.33398015869727,
        "inner_max_iter_recorded": 99,
        "inner_min_residual": 1.417366315187845,
        "inner_max_residual": 1.4173663151885307,
        "inner_halving_count": 99,
        "min_theta": 4.856935749618862e-15
      }
    ],
    "shifted_system_at_locked_lambda": {
      "norm_inf": 1.4254891530762859,
      "norm_inverse_inf": 32401.997979790278,
      "cond_inf": 46188.69665819077
    }
  },
  "section_4_spectrum": {
    "n_trials": 20,
    "honi_exact_lambdas": [
      10.75627206865356,
      9.314950892157142,
      9.593339654200658,
      9.657318850164426,
      10.756272068653617,
      9.409272632959208,
      10.75627206865356,
      9.558769895614653,
      9.451811015036597,
      9.697047173474404,
      9.703899959288865,
      9.751089450435478,
      10.75627206865356,
      10.75627206865356,
      9.653871660500434,
      9.283447889363293,
      9.500616008653829,
      9.269004878444333,
      9.551534666483898,
      9.713829469779213
    ],
    "nni_spsolve_lambdas": [
      10.756272068653566,
      10.756272068653569,
      10.756272068653566,
      10.756272068653567,
      10.756272068653566,
      10.756272068653566,
      10.756272068653566,
      10.756272068653567,
      10.756272068653566,
      10.756272068653567,
      10.756272068653569,
      10.756272068653566,
      10.756272068653566,
      10.756272068653569,
      10.756272068653564,
      10.756272068653566,
      10.756272068653566,
      10.756272068668476,
      10.756272068653567,
      10.756272068653566
    ],
    "honi_exact_buckets": {
      "10.756": 5,
      "9.315": 1,
      "9.593": 1,
      "9.657": 1,
      "9.409": 1,
      "9.559": 1,
      "9.452": 1,
      "9.697": 1,
      "9.704": 1,
      "9.751": 1,
      "9.654": 1,
      "9.283": 1,
      "9.501": 1,
      "9.269": 1,
      "9.552": 1,
      "9.714": 1
    },
    "nni_spsolve_buckets": {
      "10.756": 20
    }
  }
}